{
  "$schema": "https://docs.renovatebot.com/renovate-schema.json",
  "extends": [
    ":dependencyDashboard",
    ":separateMajorReleases",
    ":combinePatchMinorReleases",
    ":ignoreUnstable",
    ":prImmediately",
    ":semanticPrefixFixDepsChoreOthers",
    ":updateNotScheduled",
    ":automergeDisabled",
    ":ignoreModulesAndTests",
    ":autodetectPinVersions",
    "group:monorepos",
    "group:recommended",
    "helpers:disableTypesNodeMajor",
    ":prHourlyLimitNone",
    "docker:enableMajor"
  ],
  "pinDigests": true,
  "prConcurrentLimit": 1,
  "rebaseWhen": "never"
}
